ashen/ashen123/
shavi/shavi52510/
shan/shan1234/
devinka/dev12345/
praveen/praveen123/
chamath/chamath123/
dev/dev12345/
crish/crish123/
sam/sam12345/
wasantha/wasantha/
fiyona/fiyona1234/
shavio/shavio123/
fibii/fibi1234/
shavio/shavi123/
